{
    "cards": [
        [
            0.0,
            0.5058823529411764,
            0.7058823529411765,
            0.8,
            1.0,
            0.6823529411764706,
            1.0,
            0.5882352941176471
        ],
        [
            0.4588235294117647,
            0.0,
            0.10588235294117647,
            0.023529411764705882,
            1.0,
            0.023529411764705882,
            0.4588235294117647,
            0.011764705882352941
        ],
        [
            0.2823529411764706,
            0.8705882352941177,
            0.0,
            0.5294117647058824,
            0.5882352941176471,
            0.4823529411764706,
            0.9882352941176471,
            0.27058823529411763
        ],
        [
            0.1411764705882353,
            0.9764705882352941,
            0.4235294117647059,
            0.0,
            0.6,
            0.3764705882352941,
            0.023529411764705882,
            0.0
        ],
        [
            0.0,
            0.0,
            0.4117647058823529,
            0.38823529411764707,
            0.0,
            0.36470588235294116,
            0.9529411764705882,
            0.2
        ],
        [
            0.27058823529411763,
            0.9647058823529412,
            0.4823529411764706,
            0.611764705882353,
            0.611764705882353,
            0.0,
            0.9294117647058824,
            0.3764705882352941
        ],
        [
            0.0,
            0.43529411764705883,
            0.0,
            0.9764705882352941,
            0.047058823529411764,
            0.07058823529411765,
            0.0,
            0.5647058823529412
        ],
        [
            0.3764705882352941,
            0.9764705882352941,
            0.6941176470588235,
            1.0,
            0.788235294117647,
            0.6235294117647059,
            0.4117647058823529,
            0.0
        ]
    ],
    "card_ties": [
        [
            0.0,
            0.03529411764705882,
            0.011764705882352941,
            0.058823529411764705,
            0.0,
            0.047058823529411764,
            0.0,
            0.03529411764705882
        ],
        [
            0.03529411764705882,
            0.0,
            0.023529411764705882,
            0.0,
            0.0,
            0.011764705882352941,
            0.10588235294117647,
            0.011764705882352941
        ],
        [
            0.011764705882352941,
            0.023529411764705882,
            0.0,
            0.047058823529411764,
            0.0,
            0.03529411764705882,
            0.011764705882352941,
            0.03529411764705882
        ],
        [
            0.058823529411764705,
            0.0,
            0.047058823529411764,
            0.0,
            0.011764705882352941,
            0.011764705882352941,
            0.0,
            0.0
        ],
        [
            0.0,
            0.0,
            0.0,
            0.011764705882352941,
            0.0,
            0.023529411764705882,
            0.0,
            0.011764705882352941
        ],
        [
            0.047058823529411764,
            0.011764705882352941,
            0.03529411764705882,
            0.011764705882352941,
            0.023529411764705882,
            0.0,
            0.0,
            0.0
        ],
        [
            0.0,
            0.10588235294117647,
            0.011764705882352941,
            0.0,
            0.0,
            0.0,
            0.0,
            0.023529411764705882
        ],
        [
            0.03529411764705882,
            0.011764705882352941,
            0.03529411764705882,
            0.0,
            0.011764705882352941,
            0.0,
            0.023529411764705882,
            0.0
        ]
    ],
    "tricks": [
        [
            0.0,
            0.4470588235294118,
            0.6823529411764706,
            0.7647058823529411,
            1.0,
            0.6470588235294118,
            0.9764705882352941,
            0.36470588235294116
        ],
        [
            0.36470588235294116,
            0.0,
            0.08235294117647059,
            0.047058823529411764,
            0.9176470588235294,
            0.058823529411764705,
            0.4470588235294118,
            0.0
        ],
        [
            0.21176470588235294,
            0.8941176470588236,
            0.0,
            0.4588235294117647,
            0.43529411764705883,
            0.43529411764705883,
            0.8588235294117647,
            0.18823529411764706
        ],
        [
            0.11764705882352941,
            0.8941176470588236,
            0.3764705882352941,
            0.0,
            0.5176470588235295,
            0.35294117647058826,
            0.09411764705882353,
            0.0
        ],
        [
            0.0,
            0.023529411764705882,
            0.38823529411764707,
            0.32941176470588235,
            0.0,
            0.3058823529411765,
            0.8705882352941177,
            0.12941176470588237
        ],
        [
            0.17647058823529413,
            0.8941176470588236,
            0.3764705882352941,
            0.4470588235294118,
            0.5058823529411764,
            0.0,
            0.8941176470588236,
            0.29411764705882354
        ],
        [
            0.0,
            0.4,
            0.07058823529411765,
            0.8705882352941177,
            0.047058823529411764,
            0.03529411764705882,
            0.0,
            0.4235294117647059
        ],
        [
            0.27058823529411763,
            0.9411764705882353,
            0.6470588235294118,
            1.0,
            0.8,
            0.5647058823529412,
            0.38823529411764707,
            0.0
        ]
    ],
    "trick_ties": [
        [
            0.0,
            0.18823529411764706,
            0.10588235294117647,
            0.11764705882352941,
            0.0,
            0.17647058823529413,
            0.023529411764705882,
            0.36470588235294116
        ],
        [
            0.18823529411764706,
            0.0,
            0.023529411764705882,
            0.058823529411764705,
            0.058823529411764705,
            0.047058823529411764,
            0.15294117647058825,
            0.058823529411764705
        ],
        [
            0.10588235294117647,
            0.023529411764705882,
            0.0,
            0.16470588235294117,
            0.17647058823529413,
            0.18823529411764706,
            0.07058823529411765,
            0.16470588235294117
        ],
        [
            0.11764705882352941,
            0.058823529411764705,
            0.16470588235294117,
            0.0,
            0.15294117647058825,
            0.2,
            0.03529411764705882,
            0.0
        ],
        [
            0.0,
            0.058823529411764705,
            0.17647058823529413,
            0.15294117647058825,
            0.0,
            0.18823529411764706,
            0.08235294117647059,
            0.07058823529411765
        ],
        [
            0.17647058823529413,
            0.047058823529411764,
            0.18823529411764706,
            0.2,
            0.18823529411764706,
            0.0,
            0.07058823529411765,
            0.1411764705882353
        ],
        [
            0.023529411764705882,
            0.15294117647058825,
            0.07058823529411765,
            0.03529411764705882,
            0.08235294117647059,
            0.07058823529411765,
            0.0,
            0.18823529411764706
        ],
        [
            0.36470588235294116,
            0.058823529411764705,
            0.16470588235294117,
            0.0,
            0.07058823529411765,
            0.1411764705882353,
            0.18823529411764706,
            0.0
        ]
    ],
    "n": 85
}