{
    "cards": [
        [
            0.0,
            0.4818181818181818,
            0.7090909090909091,
            0.8090909090909091,
            1.0,
            0.6818181818181818,
            1.0,
            0.5545454545454546
        ],
        [
            0.4818181818181818,
            0.0,
            0.09090909090909091,
            0.01818181818181818,
            1.0,
            0.03636363636363636,
            0.4727272727272727,
            0.00909090909090909
        ],
        [
            0.2818181818181818,
            0.8818181818181818,
            0.0,
            0.5363636363636364,
            0.6,
            0.4909090909090909,
            0.9727272727272728,
            0.2636363636363636
        ],
        [
            0.13636363636363635,
            0.9818181818181818,
            0.42727272727272725,
            0.0,
            0.5545454545454546,
            0.37272727272727274,
            0.01818181818181818,
            0.0
        ],
        [
            0.0,
            0.0,
            0.39090909090909093,
            0.42727272727272725,
            0.0,
            0.39090909090909093,
            0.9636363636363636,
            0.19090909090909092
        ],
        [
            0.2727272727272727,
            0.9545454545454546,
            0.4727272727272727,
            0.6090909090909091,
            0.5818181818181818,
            0.0,
            0.9,
            0.35454545454545455
        ],
        [
            0.0,
            0.44545454545454544,
            0.00909090909090909,
            0.9818181818181818,
            0.03636363636363636,
            0.09090909090909091,
            0.0,
            0.5363636363636364
        ],
        [
            0.4090909090909091,
            0.9818181818181818,
            0.7090909090909091,
            1.0,
            0.7909090909090909,
            0.6454545454545455,
            0.44545454545454544,
            0.0
        ]
    ],
    "card_ties": [
        [
            0.0,
            0.03636363636363636,
            0.00909090909090909,
            0.05454545454545454,
            0.0,
            0.045454545454545456,
            0.0,
            0.03636363636363636
        ],
        [
            0.03636363636363636,
            0.0,
            0.02727272727272727,
            0.0,
            0.0,
            0.00909090909090909,
            0.08181818181818182,
            0.00909090909090909
        ],
        [
            0.00909090909090909,
            0.02727272727272727,
            0.0,
            0.03636363636363636,
            0.00909090909090909,
            0.03636363636363636,
            0.01818181818181818,
            0.02727272727272727
        ],
        [
            0.05454545454545454,
            0.0,
            0.03636363636363636,
            0.0,
            0.01818181818181818,
            0.01818181818181818,
            0.0,
            0.0
        ],
        [
            0.0,
            0.0,
            0.00909090909090909,
            0.01818181818181818,
            0.0,
            0.02727272727272727,
            0.0,
            0.01818181818181818
        ],
        [
            0.045454545454545456,
            0.00909090909090909,
            0.03636363636363636,
            0.01818181818181818,
            0.02727272727272727,
            0.0,
            0.00909090909090909,
            0.0
        ],
        [
            0.0,
            0.08181818181818182,
            0.01818181818181818,
            0.0,
            0.0,
            0.00909090909090909,
            0.0,
            0.01818181818181818
        ],
        [
            0.03636363636363636,
            0.00909090909090909,
            0.02727272727272727,
            0.0,
            0.01818181818181818,
            0.0,
            0.01818181818181818,
            0.0
        ]
    ],
    "tricks": [
        [
            0.0,
            0.43636363636363634,
            0.6727272727272727,
            0.7545454545454545,
            1.0,
            0.6727272727272727,
            0.9727272727272728,
            0.35454545454545455
        ],
        [
            0.39090909090909093,
            0.0,
            0.08181818181818182,
            0.045454545454545456,
            0.9272727272727272,
            0.07272727272727272,
            0.43636363636363634,
            0.0
        ],
        [
            0.2,
            0.8818181818181818,
            0.0,
            0.4727272727272727,
            0.45454545454545453,
            0.44545454545454544,
            0.8272727272727273,
            0.19090909090909092
        ],
        [
            0.1,
            0.9,
            0.39090909090909093,
            0.0,
            0.5,
            0.36363636363636365,
            0.08181818181818182,
            0.0
        ],
        [
            0.0,
            0.01818181818181818,
            0.38181818181818183,
            0.37272727272727274,
            0.0,
            0.33636363636363636,
            0.8727272727272727,
            0.11818181818181818
        ],
        [
            0.16363636363636364,
            0.8727272727272727,
            0.37272727272727274,
            0.45454545454545453,
            0.5,
            0.0,
            0.8909090909090909,
            0.2636363636363636
        ],
        [
            0.0,
            0.4,
            0.1,
            0.8818181818181818,
            0.05454545454545454,
            0.045454545454545456,
            0.0,
            0.4090909090909091
        ],
        [
            0.3,
            0.9363636363636364,
            0.6636363636363637,
            1.0,
            0.8090909090909091,
            0.6090909090909091,
            0.4,
            0.0
        ]
    ],
    "trick_ties": [
        [
            0.0,
            0.17272727272727273,
            0.12727272727272726,
            0.14545454545454545,
            0.0,
            0.16363636363636364,
            0.02727272727272727,
            0.34545454545454546
        ],
        [
            0.17272727272727273,
            0.0,
            0.03636363636363636,
            0.05454545454545454,
            0.05454545454545454,
            0.05454545454545454,
            0.16363636363636364,
            0.06363636363636363
        ],
        [
            0.12727272727272726,
            0.03636363636363636,
            0.0,
            0.13636363636363635,
            0.16363636363636364,
            0.18181818181818182,
            0.07272727272727272,
            0.14545454545454545
        ],
        [
            0.14545454545454545,
            0.05454545454545454,
            0.13636363636363635,
            0.0,
            0.12727272727272726,
            0.18181818181818182,
            0.03636363636363636,
            0.0
        ],
        [
            0.0,
            0.05454545454545454,
            0.16363636363636364,
            0.12727272727272726,
            0.0,
            0.16363636363636364,
            0.07272727272727272,
            0.07272727272727272
        ],
        [
            0.16363636363636364,
            0.05454545454545454,
            0.18181818181818182,
            0.18181818181818182,
            0.16363636363636364,
            0.0,
            0.06363636363636363,
            0.12727272727272726
        ],
        [
            0.02727272727272727,
            0.16363636363636364,
            0.07272727272727272,
            0.03636363636363636,
            0.07272727272727272,
            0.06363636363636363,
            0.0,
            0.19090909090909092
        ],
        [
            0.34545454545454546,
            0.06363636363636363,
            0.14545454545454545,
            0.0,
            0.07272727272727272,
            0.12727272727272726,
            0.19090909090909092,
            0.0
        ]
    ],
    "n": 110
}