{
    "cards": [
        [
            0.486142,
            0.987919,
            0.726487,
            0.999985,
            0.803406,
            0.707077,
            0.507697,
            0.0
        ],
        [
            0.009629,
            0.478651,
            0.06858,
            0.99756,
            0.036055,
            0.123578,
            0.0,
            0.472382
        ],
        [
            0.25251,
            0.917811,
            0.488135,
            0.558024,
            0.486517,
            0.0,
            0.86346,
            0.276629
        ],
        [
            5e-06,
            0.00189,
            0.419201,
            0.485432,
            0.0,
            0.484769,
            0.955648,
            0.176363
        ],
        [
            0.176492,
            0.955779,
            0.48585,
            0.0,
            0.485789,
            0.420206,
            0.001963,
            6e-06
        ],
        [
            0.27713,
            0.863157,
            0.0,
            0.485351,
            0.55903,
            0.487557,
            0.917719,
            0.252335
        ],
        [
            0.472132,
            0.0,
            0.123564,
            0.035861,
            0.997655,
            0.068176,
            0.476955,
            0.009442
        ],
        [
            0.0,
            0.507967,
            0.706706,
            0.803444,
            0.999994,
            0.72604,
            0.98773,
            0.485258
        ]
    ],
    "cards_ties": [
        [
            0.0286,
            0.002639,
            0.021178,
            9e-06,
            0.020231,
            0.016294,
            0.019921,
            0.001368
        ],
        [
            0.002641,
            0.044394,
            0.013701,
            0.000477,
            0.008297,
            0.012962,
            0.0,
            0.019921
        ],
        [
            0.02145,
            0.014013,
            0.024308,
            0.02177,
            0.028714,
            0.00067,
            0.012962,
            0.016294
        ],
        [
            1e-06,
            0.000455,
            0.021769,
            0.028779,
            0.0,
            0.028714,
            0.008297,
            0.020231
        ],
        [
            0.020064,
            0.00836,
            0.028799,
            0.0,
            0.028779,
            0.02177,
            0.000477,
            9e-06
        ],
        [
            0.016164,
            0.013279,
            0.000677,
            0.028799,
            0.021769,
            0.024308,
            0.013701,
            0.021178
        ],
        [
            0.019901,
            0.0,
            0.013279,
            0.00836,
            0.000455,
            0.014013,
            0.044394,
            0.002639
        ],
        [
            0.001377,
            0.019901,
            0.016164,
            0.020064,
            1e-06,
            0.02145,
            0.002641,
            0.0286
        ]
    ],
    "tricks": [
        [
            0.325325,
            0.967297,
            0.69451,
            0.994691,
            0.769542,
            0.66465,
            0.440899,
            0.0
        ],
        [
            0.008334,
            0.410546,
            0.11337,
            0.935344,
            0.052057,
            0.1161,
            0.0,
            0.404321
        ],
        [
            0.167554,
            0.792805,
            0.407328,
            0.441727,
            0.431947,
            0.0,
            0.800778,
            0.211879
        ],
        [
            0.001077,
            0.02631,
            0.422683,
            0.431171,
            0.0,
            0.430477,
            0.882869,
            0.112499
        ],
        [
            0.112772,
            0.883022,
            0.432109,
            0.0,
            0.431964,
            0.423474,
            0.026136,
            0.001124
        ],
        [
            0.211572,
            0.802019,
            0.0,
            0.431318,
            0.442555,
            0.405467,
            0.792261,
            0.167873
        ],
        [
            0.404559,
            0.0,
            0.115567,
            0.051624,
            0.935098,
            0.112999,
            0.408886,
            0.008326
        ],
        [
            0.0,
            0.440581,
            0.664918,
            0.76891,
            0.994785,
            0.693994,
            0.967056,
            0.324364
        ]
    ],
    "tricks_ties": [
        [
            0.350311,
            0.024377,
            0.137617,
            0.004185,
            0.117959,
            0.123471,
            0.15478,
            0.001368
        ],
        [
            0.02461,
            0.180568,
            0.094369,
            0.03852,
            0.065074,
            0.083122,
            0.0,
            0.15478
        ],
        [
            0.138452,
            0.094196,
            0.187205,
            0.134799,
            0.137576,
            0.00067,
            0.083122,
            0.123471
        ],
        [
            0.004138,
            0.038592,
            0.134762,
            0.136865,
            0.0,
            0.137576,
            0.065074,
            0.117959
        ],
        [
            0.118318,
            0.065354,
            0.136573,
            0.0,
            0.136865,
            0.134799,
            0.03852,
            0.004185
        ],
        [
            0.12351,
            0.082414,
            0.000677,
            0.136573,
            0.134762,
            0.187205,
            0.094369,
            0.137617
        ],
        [
            0.15486,
            0.0,
            0.082414,
            0.065354,
            0.038592,
            0.094196,
            0.180568,
            0.024377
        ],
        [
            0.001377,
            0.15486,
            0.12351,
            0.118318,
            0.004138,
            0.138452,
            0.02461,
            0.350311
        ]
    ],
    "n": 1000000
}