{
    "cards": [
        [
            0.0,
            0.5454545454545454,
            0.7818181818181819,
            0.7818181818181819,
            1.0,
            0.7272727272727273,
            1.0,
            0.6
        ],
        [
            0.4,
            0.0,
            0.10909090909090909,
            0.01818181818181818,
            1.0,
            0.0,
            0.38181818181818183,
            0.0
        ],
        [
            0.2,
            0.8727272727272727,
            0.0,
            0.4727272727272727,
            0.6181818181818182,
            0.5272727272727272,
            1.0,
            0.23636363636363636
        ],
        [
            0.16363636363636364,
            0.9818181818181818,
            0.4727272727272727,
            0.0,
            0.6545454545454545,
            0.36363636363636365,
            0.01818181818181818,
            0.0
        ],
        [
            0.0,
            0.0,
            0.38181818181818183,
            0.34545454545454546,
            0.0,
            0.4,
            0.9272727272727272,
            0.10909090909090909
        ],
        [
            0.23636363636363636,
            0.9818181818181818,
            0.43636363636363634,
            0.6181818181818182,
            0.5818181818181818,
            0.0,
            0.9636363636363636,
            0.34545454545454546
        ],
        [
            0.0,
            0.5272727272727272,
            0.0,
            0.9818181818181818,
            0.07272727272727272,
            0.03636363636363636,
            0.0,
            0.6
        ],
        [
            0.38181818181818183,
            1.0,
            0.7454545454545455,
            1.0,
            0.8727272727272727,
            0.6545454545454545,
            0.38181818181818183,
            0.0
        ]
    ],
    "card_ties": [
        [
            0.0,
            0.05454545454545454,
            0.01818181818181818,
            0.05454545454545454,
            0.0,
            0.03636363636363636,
            0.0,
            0.01818181818181818
        ],
        [
            0.05454545454545454,
            0.0,
            0.01818181818181818,
            0.0,
            0.0,
            0.01818181818181818,
            0.09090909090909091,
            0.0
        ],
        [
            0.01818181818181818,
            0.01818181818181818,
            0.0,
            0.05454545454545454,
            0.0,
            0.03636363636363636,
            0.0,
            0.01818181818181818
        ],
        [
            0.05454545454545454,
            0.0,
            0.05454545454545454,
            0.0,
            0.0,
            0.01818181818181818,
            0.0,
            0.0
        ],
        [
            0.0,
            0.0,
            0.0,
            0.0,
            0.0,
            0.01818181818181818,
            0.0,
            0.01818181818181818
        ],
        [
            0.03636363636363636,
            0.01818181818181818,
            0.03636363636363636,
            0.01818181818181818,
            0.01818181818181818,
            0.0,
            0.0,
            0.0
        ],
        [
            0.0,
            0.09090909090909091,
            0.0,
            0.0,
            0.0,
            0.0,
            0.0,
            0.01818181818181818
        ],
        [
            0.01818181818181818,
            0.0,
            0.01818181818181818,
            0.0,
            0.01818181818181818,
            0.0,
            0.01818181818181818,
            0.0
        ]
    ],
    "tricks": [
        [
            0.0,
            0.509090909090909,
            0.7272727272727273,
            0.7818181818181819,
            1.0,
            0.6545454545454545,
            0.9636363636363636,
            0.41818181818181815
        ],
        [
            0.34545454545454546,
            0.0,
            0.10909090909090909,
            0.03636363636363636,
            0.9454545454545454,
            0.03636363636363636,
            0.38181818181818183,
            0.0
        ],
        [
            0.14545454545454545,
            0.8909090909090909,
            0.0,
            0.41818181818181815,
            0.509090909090909,
            0.36363636363636365,
            0.8181818181818182,
            0.18181818181818182
        ],
        [
            0.12727272727272726,
            0.9272727272727272,
            0.38181818181818183,
            0.0,
            0.5636363636363636,
            0.3090909090909091,
            0.05454545454545454,
            0.0
        ],
        [
            0.0,
            0.0,
            0.36363636363636365,
            0.2909090909090909,
            0.0,
            0.3090909090909091,
            0.8363636363636363,
            0.07272727272727272
        ],
        [
            0.16363636363636364,
            0.9090909090909091,
            0.38181818181818183,
            0.4727272727272727,
            0.509090909090909,
            0.0,
            0.9818181818181818,
            0.32727272727272727
        ],
        [
            0.0,
            0.4727272727272727,
            0.09090909090909091,
            0.8909090909090909,
            0.07272727272727272,
            0.01818181818181818,
            0.0,
            0.4
        ],
        [
            0.2,
            1.0,
            0.6909090909090909,
            1.0,
            0.8545454545454545,
            0.5272727272727272,
            0.38181818181818183,
            0.0
        ]
    ],
    "trick_ties": [
        [
            0.0,
            0.14545454545454545,
            0.12727272727272726,
            0.09090909090909091,
            0.0,
            0.18181818181818182,
            0.03636363636363636,
            0.38181818181818183
        ],
        [
            0.14545454545454545,
            0.0,
            0.0,
            0.03636363636363636,
            0.05454545454545454,
            0.05454545454545454,
            0.14545454545454545,
            0.0
        ],
        [
            0.12727272727272726,
            0.0,
            0.0,
            0.2,
            0.12727272727272726,
            0.2545454545454545,
            0.09090909090909091,
            0.12727272727272726
        ],
        [
            0.09090909090909091,
            0.03636363636363636,
            0.2,
            0.0,
            0.14545454545454545,
            0.21818181818181817,
            0.05454545454545454,
            0.0
        ],
        [
            0.0,
            0.05454545454545454,
            0.12727272727272726,
            0.14545454545454545,
            0.0,
            0.18181818181818182,
            0.09090909090909091,
            0.07272727272727272
        ],
        [
            0.18181818181818182,
            0.05454545454545454,
            0.2545454545454545,
            0.21818181818181817,
            0.18181818181818182,
            0.0,
            0.0,
            0.14545454545454545
        ],
        [
            0.03636363636363636,
            0.14545454545454545,
            0.09090909090909091,
            0.05454545454545454,
            0.09090909090909091,
            0.0,
            0.0,
            0.21818181818181817
        ],
        [
            0.38181818181818183,
            0.0,
            0.12727272727272726,
            0.0,
            0.07272727272727272,
            0.14545454545454545,
            0.21818181818181817,
            0.0
        ]
    ],
    "n": 55
}