{
    "cards": [
        [
            0.0,
            0.50804,
            0.70606,
            0.803122,
            0.999985,
            0.726762,
            0.987833,
            0.485281
        ],
        [
            0.472049,
            0.0,
            0.124,
            0.036451,
            0.997517,
            0.068838,
            0.478446,
            0.009439
        ],
        [
            0.277599,
            0.862933,
            0.0,
            0.486268,
            0.558255,
            0.488193,
            0.917961,
            0.252528
        ],
        [
            0.176843,
            0.955196,
            0.485031,
            0.0,
            0.485938,
            0.419626,
            0.001922,
            1.1e-05
        ],
        [
            1.1e-05,
            0.002003,
            0.419918,
            0.485533,
            0.0,
            0.485875,
            0.955497,
            0.175916
        ],
        [
            0.251912,
            0.917386,
            0.487937,
            0.558852,
            0.485475,
            0.0,
            0.863359,
            0.277249
        ],
        [
            0.009525,
            0.47728,
            0.068193,
            0.997616,
            0.036044,
            0.123499,
            0.0,
            0.471553
        ],
        [
            0.486173,
            0.987995,
            0.726063,
            0.999987,
            0.804183,
            0.706237,
            0.508542,
            0.0
        ]
    ],
    "card_ties": [
        [
            0.001486,
            0.019911,
            0.016341,
            0.020035,
            4e-06,
            0.021326,
            0.002642,
            0.028546
        ],
        [
            0.019911,
            1e-06,
            0.013067,
            0.008353,
            0.00048,
            0.013776,
            0.044274,
            0.002566
        ],
        [
            0.016341,
            0.013067,
            0.000647,
            0.028701,
            0.021827,
            0.02387,
            0.013846,
            0.021409
        ],
        [
            0.020035,
            0.008353,
            0.028701,
            0.0,
            0.028529,
            0.021522,
            0.000462,
            2e-06
        ],
        [
            4e-06,
            0.00048,
            0.021827,
            0.028529,
            0.0,
            0.02865,
            0.008459,
            0.019901
        ],
        [
            0.021326,
            0.013776,
            0.02387,
            0.021522,
            0.02865,
            0.000653,
            0.013142,
            0.016514
        ],
        [
            0.002642,
            0.044274,
            0.013846,
            0.000462,
            0.008459,
            0.013142,
            0.0,
            0.019905
        ],
        [
            0.028546,
            0.002566,
            0.021409,
            2e-06,
            0.019901,
            0.016514,
            0.019905,
            0.001438
        ]
    ],
    "tricks": [
        [
            0.0,
            0.441155,
            0.664352,
            0.769115,
            0.994719,
            0.694354,
            0.967393,
            0.325303
        ],
        [
            0.404537,
            0.0,
            0.11631,
            0.052311,
            0.934745,
            0.113978,
            0.40973,
            0.008315
        ],
        [
            0.211674,
            0.800515,
            0.0,
            0.431876,
            0.441636,
            0.406081,
            0.792291,
            0.168212
        ],
        [
            0.112861,
            0.882466,
            0.431009,
            0.0,
            0.431458,
            0.423509,
            0.026052,
            0.001174
        ],
        [
            0.00108,
            0.026632,
            0.423612,
            0.431544,
            0.0,
            0.431261,
            0.882505,
            0.112768
        ],
        [
            0.168186,
            0.792255,
            0.406547,
            0.442227,
            0.431709,
            0.0,
            0.801688,
            0.212071
        ],
        [
            0.008417,
            0.40895,
            0.113322,
            0.935626,
            0.051837,
            0.115851,
            0.0,
            0.404626
        ],
        [
            0.325442,
            0.967114,
            0.693831,
            0.994761,
            0.769198,
            0.664419,
            0.441426,
            0.0
        ]
    ],
    "trick_ties": [
        [
            0.001486,
            0.154308,
            0.123974,
            0.118024,
            0.004201,
            0.13746,
            0.02419,
            0.349255
        ],
        [
            0.154308,
            1e-06,
            0.083175,
            0.065223,
            0.038623,
            0.093767,
            0.18132,
            0.024571
        ],
        [
            0.123974,
            0.083175,
            0.000647,
            0.137115,
            0.134752,
            0.187372,
            0.094387,
            0.137957
        ],
        [
            0.118024,
            0.065223,
            0.137115,
            0.0,
            0.136998,
            0.134264,
            0.038322,
            0.004065
        ],
        [
            0.004201,
            0.038623,
            0.134752,
            0.136998,
            0.0,
            0.13703,
            0.065658,
            0.118034
        ],
        [
            0.13746,
            0.093767,
            0.187372,
            0.134264,
            0.13703,
            0.000653,
            0.082461,
            0.12351
        ],
        [
            0.02419,
            0.18132,
            0.094387,
            0.038322,
            0.065658,
            0.082461,
            0.0,
            0.153948
        ],
        [
            0.349255,
            0.024571,
            0.137957,
            0.004065,
            0.118034,
            0.12351,
            0.153948,
            0.001438
        ]
    ],
    "n": 1000000
}