{
    "cards": [
        [
            0.0,
            0.5116279069767442,
            0.7162790697674418,
            0.7813953488372093,
            1.0,
            0.6837209302325581,
            0.9953488372093023,
            0.5441860465116279
        ],
        [
            0.46511627906976744,
            0.0,
            0.06976744186046512,
            0.03255813953488372,
            1.0,
            0.04186046511627907,
            0.4930232558139535,
            0.004651162790697674
        ],
        [
            0.26976744186046514,
            0.9069767441860465,
            0.0,
            0.4790697674418605,
            0.586046511627907,
            0.4558139534883721,
            0.9348837209302325,
            0.24651162790697675
        ],
        [
            0.18604651162790697,
            0.9627906976744186,
            0.4930232558139535,
            0.0,
            0.5116279069767442,
            0.44651162790697674,
            0.009302325581395349,
            0.0
        ],
        [
            0.0,
            0.0,
            0.386046511627907,
            0.4511627906976744,
            0.0,
            0.3674418604651163,
            0.9534883720930233,
            0.15348837209302327
        ],
        [
            0.2837209302325581,
            0.9441860465116279,
            0.5209302325581395,
            0.5255813953488372,
            0.5953488372093023,
            0.0,
            0.8883720930232558,
            0.31627906976744186
        ],
        [
            0.0,
            0.4418604651162791,
            0.03255813953488372,
            0.9906976744186047,
            0.04186046511627907,
            0.10232558139534884,
            0.0,
            0.48372093023255813
        ],
        [
            0.42790697674418604,
            0.9906976744186047,
            0.7302325581395349,
            1.0,
            0.8232558139534883,
            0.6651162790697674,
            0.49767441860465117,
            0.0
        ]
    ],
    "card_ties": [
        [
            0.0,
            0.023255813953488372,
            0.013953488372093023,
            0.03255813953488372,
            0.0,
            0.03255813953488372,
            0.004651162790697674,
            0.027906976744186046
        ],
        [
            0.023255813953488372,
            0.0,
            0.023255813953488372,
            0.004651162790697674,
            0.0,
            0.013953488372093023,
            0.06511627906976744,
            0.004651162790697674
        ],
        [
            0.013953488372093023,
            0.023255813953488372,
            0.004651162790697674,
            0.027906976744186046,
            0.027906976744186046,
            0.023255813953488372,
            0.03255813953488372,
            0.023255813953488372
        ],
        [
            0.03255813953488372,
            0.004651162790697674,
            0.027906976744186046,
            0.0,
            0.037209302325581395,
            0.027906976744186046,
            0.0,
            0.0
        ],
        [
            0.0,
            0.0,
            0.027906976744186046,
            0.037209302325581395,
            0.0,
            0.037209302325581395,
            0.004651162790697674,
            0.023255813953488372
        ],
        [
            0.03255813953488372,
            0.013953488372093023,
            0.023255813953488372,
            0.027906976744186046,
            0.037209302325581395,
            0.0,
            0.009302325581395349,
            0.018604651162790697
        ],
        [
            0.004651162790697674,
            0.06511627906976744,
            0.03255813953488372,
            0.0,
            0.004651162790697674,
            0.009302325581395349,
            0.0,
            0.018604651162790697
        ],
        [
            0.027906976744186046,
            0.004651162790697674,
            0.023255813953488372,
            0.0,
            0.023255813953488372,
            0.018604651162790697,
            0.018604651162790697,
            0.0
        ]
    ],
    "tricks": [
        [
            0.0,
            0.44651162790697674,
            0.6604651162790698,
            0.7674418604651163,
            0.9953488372093023,
            0.6790697674418604,
            0.9674418604651163,
            0.32558139534883723
        ],
        [
            0.4,
            0.0,
            0.06511627906976744,
            0.04186046511627907,
            0.9441860465116279,
            0.06976744186046512,
            0.4325581395348837,
            0.0
        ],
        [
            0.21395348837209302,
            0.8837209302325582,
            0.0,
            0.4372093023255814,
            0.4790697674418605,
            0.39069767441860465,
            0.8046511627906977,
            0.1813953488372093
        ],
        [
            0.07906976744186046,
            0.8976744186046511,
            0.4232558139534884,
            0.0,
            0.44651162790697674,
            0.4186046511627907,
            0.05116279069767442,
            0.0
        ],
        [
            0.0,
            0.009302325581395349,
            0.3813953488372093,
            0.413953488372093,
            0.0,
            0.34418604651162793,
            0.8697674418604651,
            0.10697674418604651
        ],
        [
            0.15348837209302327,
            0.8604651162790697,
            0.4,
            0.40930232558139534,
            0.49767441860465117,
            0.0,
            0.8418604651162791,
            0.23255813953488372
        ],
        [
            0.0,
            0.3813953488372093,
            0.11627906976744186,
            0.9255813953488372,
            0.05116279069767442,
            0.07441860465116279,
            0.0,
            0.4046511627906977
        ],
        [
            0.3116279069767442,
            0.9627906976744186,
            0.7116279069767442,
            1.0,
            0.8093023255813954,
            0.6604651162790698,
            0.42790697674418604,
            0.0
        ]
    ],