{
    "cards": [
        [
            0.0,
            0.4782608695652174,
            0.7043478260869566,
            0.8,
            1.0,
            0.6869565217391305,
            1.0,
            0.5391304347826087
        ],
        [
            0.48695652173913045,
            0.0,
            0.08695652173913043,
            0.017391304347826087,
            1.0,
            0.034782608695652174,
            0.46956521739130436,
            0.008695652173913044
        ],
        [
            0.28695652173913044,
            0.8869565217391304,
            0.0,
            0.5391304347826087,
            0.6086956521739131,
            0.48695652173913045,
            0.9652173913043478,
            0.2608695652173913
        ],
        [
            0.14782608695652175,
            0.9826086956521739,
            0.41739130434782606,
            0.0,
            0.5565217391304348,
            0.3565217391304348,
            0.017391304347826087,
            0.0
        ],
        [
            0.0,
            0.0,
            0.3826086956521739,
            0.4260869565217391,
            0.0,
            0.3826086956521739,
            0.9652173913043478,
            0.19130434782608696
        ],
        [
            0.26956521739130435,
            0.9565217391304348,
            0.4782608695652174,
            0.6173913043478261,
            0.5826086956521739,
            0.0,
            0.9043478260869565,
            0.3565217391304348
        ],
        [
            0.0,
            0.45217391304347826,
            0.008695652173913044,
            0.9826086956521739,
            0.034782608695652174,
            0.08695652173913043,
            0.0,
            0.5478260869565217
        ],
        [
            0.4260869565217391,
            0.9826086956521739,
            0.7130434782608696,
            1.0,
            0.7913043478260869,
            0.6260869565217392,
            0.43478260869565216,
            0.0
        ]
    ],
    "card_ties": [
        [
            0.0,
            0.034782608695652174,
            0.008695652173913044,
            0.05217391304347826,
            0.0,
            0.043478260869565216,
            0.0,
            0.034782608695652174
        ],
        [
            0.034782608695652174,
            0.0,
            0.02608695652173913,
            0.0,
            0.0,
            0.008695652173913044,
            0.0782608695652174,
            0.008695652173913044
        ],
        [
            0.008695652173913044,
            0.02608695652173913,
            0.0,
            0.043478260869565216,
            0.008695652173913044,
            0.034782608695652174,
            0.02608695652173913,
            0.02608695652173913
        ],
        [
            0.05217391304347826,
            0.0,
            0.043478260869565216,
            0.0,
            0.017391304347826087,
            0.02608695652173913,
            0.0,
            0.0
        ],
        [
            0.0,
            0.0,
            0.008695652173913044,
            0.017391304347826087,
            0.0,
            0.034782608695652174,
            0.0,
            0.017391304347826087
        ],
        [
            0.043478260869565216,
            0.008695652173913044,
            0.034782608695652174,
            0.02608695652173913,
            0.034782608695652174,
            0.0,
            0.008695652173913044,
            0.017391304347826087
        ],
        [
            0.0,
            0.0782608695652174,
            0.02608695652173913,
            0.0,
            0.0,
            0.008695652173913044,
            0.0,
            0.017391304347826087
        ],
        [
            0.034782608695652174,
            0.008695652173913044,
            0.02608695652173913,
            0.0,
            0.017391304347826087,
            0.017391304347826087,
            0.017391304347826087,
            0.0
        ]
    ],
    "tricks": [
        [
            0.0,
            0.43478260869565216,
            0.6695652173913044,
            0.7652173913043478,
            1.0,
            0.6782608695652174,
            0.9739130434782609,
            0.3565217391304348
        ],
        [
            0.4,
            0.0,
            0.08695652173913043,
            0.043478260869565216,
            0.9304347826086956,
            0.0782608695652174,
            0.43478260869565216,
            0.0
        ],
        [
            0.20869565217391303,
            0.8782608695652174,
            0.0,
            0.46956521739130436,
            0.46956521739130436,
            0.45217391304347826,
            0.8173913043478261,
            0.19130434782608696
        ],
        [
            0.09565217391304348,
            0.9043478260869565,
            0.391304347826087,
            0.0,
            0.4956521739130435,
            0.34782608695652173,
            0.0782608695652174,
            0.0
        ],
        [
            0.0,
            0.017391304347826087,
            0.3739130434782609,
            0.3739130434782609,
            0.0,
            0.33043478260869563,
            0.8782608695652174,
            0.12173913043478261
        ],
        [
            0.16521739130434782,
            0.8608695652173913,
            0.3739130434782609,
            0.4608695652173913,
            0.5043478260869565,
            0.0,
            0.8869565217391304,
            0.26956521739130435
        ],
        [
            0.0,
            0.4,
            0.09565217391304348,
            0.8869565217391304,
            0.05217391304347826,
            0.043478260869565216,
            0.0,
            0.40869565217391307
        ],
        [
            0.30434782608695654,
            0.9391304347826087,
            0.6695652173913044,
            1.0,
            0.808695652173913,
            0.6086956521739131,
            0.4,
            0.0
        ]
    ],