{
    "cards": [
        [
            0.0,
            0.5097087378640777,
            0.7174757281553398,
            0.7912621359223301,
            1.0,
            0.7262135922330097,
            0.9825242718446602,
            0.4893203883495146
        ],
        [
            0.46990291262135925,
            0.0,
            0.10970873786407767,
            0.02524271844660194,
            0.9980582524271845,
            0.04951456310679612,
            0.44854368932038835,
            0.006796116504854369
        ],
        [
            0.2650485436893204,
            0.8766990291262136,
            0.0,
            0.4601941747572815,
            0.5640776699029126,
            0.4650485436893204,
            0.9029126213592233,
            0.26310679611650484
        ],
        [
            0.1912621359223301,
            0.9689320388349515,
            0.5048543689320388,
            0.0,
            0.49320388349514566,
            0.40194174757281553,
            0.002912621359223301,
            0.0
        ],
        [
            0.0,
            0.0,
            0.4116504854368932,
            0.4796116504854369,
            0.0,
            0.4766990291262136,
            0.9388349514563107,
            0.16407766990291262
        ],
        [
            0.25339805825242717,
            0.9388349514563107,
            0.5184466019417475,
            0.5728155339805825,
            0.49320388349514566,
            0.0,
            0.874757281553398,
            0.26796116504854367
        ],
        [
            0.013592233009708738,
            0.5,
            0.07766990291262135,
            0.9970873786407767,
            0.04757281553398058,
            0.11067961165048544,
            0.0,
            0.4728155339805825
        ],
        [
            0.4815533980582524,
            0.9883495145631068,
            0.7155339805825243,
            1.0,
            0.8174757281553398,
            0.7106796116504854,
            0.5,
            0.0
        ]
    ],
    "card_ties": [
        [
            0.000970873786407767,
            0.020388349514563107,
            0.017475728155339806,
            0.017475728155339806,
            0.0,
            0.020388349514563107,
            0.003883495145631068,
            0.02912621359223301
        ],
        [
            0.020388349514563107,
            0.0,
            0.013592233009708738,
            0.005825242718446602,
            0.001941747572815534,
            0.011650485436893204,
            0.05145631067961165,
            0.0048543689320388345
        ],
        [
            0.017475728155339806,
            0.013592233009708738,
            0.0,
            0.03495145631067961,
            0.024271844660194174,
            0.01650485436893204,
            0.019417475728155338,
            0.021359223300970873
        ],
        [
            0.017475728155339806,
            0.005825242718446602,
            0.03495145631067961,
            0.0,
            0.027184466019417475,
            0.02524271844660194,
            0.0,
            0.0
        ],
        [
            0.0,
            0.001941747572815534,
            0.024271844660194174,
            0.027184466019417475,
            0.0,
            0.030097087378640777,
            0.013592233009708738,
            0.018446601941747572
        ],
        [
            0.020388349514563107,
            0.011650485436893204,
            0.01650485436893204,
            0.02524271844660194,
            0.030097087378640777,
            0.000970873786407767,
            0.014563106796116505,
            0.021359223300970873
        ],
        [
            0.003883495145631068,
            0.05145631067961165,
            0.019417475728155338,
            0.0,
            0.013592233009708738,
            0.014563106796116505,
            0.0,
            0.027184466019417475
        ],
        [
            0.02912621359223301,
            0.0048543689320388345,
            0.021359223300970873,
            0.0,
            0.018446601941747572,
            0.021359223300970873,
            0.027184466019417475,
            0.001941747572815534
        ]
    ],
    "tricks": [
        [
            0.0,
            0.43786407766990293,
            0.6737864077669903,
            0.7504854368932039,
            0.9941747572815534,
            0.6951456310679611,
            0.9611650485436893,
            0.3087378640776699
        ],
        [
            0.4009708737864078,
            0.0,
            0.10582524271844661,
            0.03300970873786408,
            0.9359223300970874,
            0.08446601941747572,
            0.37281553398058254,
            0.010679611650485437
        ],
        [
            0.2029126213592233,
            0.8252427184466019,
            0.0,
            0.4097087378640777,
            0.46310679611650485,
            0.3679611650485437,
            0.7766990291262136,
            0.14466019417475728
        ],
        [
            0.11941747572815534,
            0.9009708737864077,
            0.441747572815534,
            0.0,
            0.43592233009708736,
            0.41650485436893203,
            0.02912621359223301,
            0.001941747572815534
        ],
        [
            0.001941747572815534,
            0.03203883495145631,
            0.4087378640776699,
            0.4223300970873786,
            0.0,
            0.4087378640776699,
            0.870873786407767,
            0.1
        ],
        [
            0.170873786407767,
            0.8155339805825242,
            0.44854368932038835,
            0.43786407766990293,
            0.4533980582524272,
            0.0,
            0.8116504854368932,
            0.1941747572815534
        ],
        [
            0.005825242718446602,
            0.43398058252427185,
            0.12427184466019417,
            0.9233009708737864,
            0.05728155339805825,
            0.10485436893203884,
            0.0,
            0.4087378640776699
        ],
        [
            0.3388349514563107,
            0.9689320388349515,
            0.7165048543689321,
            0.9941747572815534,
            0.7912621359223301,
            0.6728155339805825,
            0.4388349514563107,
            0.0
        ]
    ],